1,2g1c
2,2 girls 1 cup
3,acrotomophilia
4,alabama hot pocket
5,alaskan pipeline
6,anal
7,anilingus
8,anus
9,apeshit
10,arsehole
11,ass
12,asshole
13,assmunch
14,auto erotic
15,autoerotic
16,babeland
17,baby batter
18,baby juice
19,ball gag
20,ball gravy
21,ball kicking
22,ball licking
23,ball sack
24,ball sucking
25,bangbros
26,bareback
27,barely legal
28,barenaked
29,bastard
30,bastardo
31,bastinado
32,bbw
33,bdsm
34,beaner
35,beaners
36,beaver cleaver
37,beaver lips
38,bestiality
39,big black
40,big breasts
41,big knockers
42,big tits
43,bimbos
44,birdlock
45,bitch
46,bitches
47,black cock
48,blonde action
49,blonde on blonde action
50,blowjob
51,blow job
52,blow your load
53,blue waffle
54,blumpkin
55,bollocks
56,bondage
57,boner
58,boob
59,boobs
60,booty call
61,brown showers
62,brunette action
63,bukkake
64,bulldyke
65,bullet vibe
66,bullshit
67,bung hole
68,bunghole
69,busty
70,butt
71,buttcheeks
72,butthole
73,camel toe
74,camgirl
75,camslut
76,camwhore
77,carpet muncher
78,carpetmuncher
79,chocolate rosebuds
80,circlejerk
81,cleveland steamer
82,clit
83,clitoris
84,clover clamps
85,clusterfuck
86,cock
87,cocks
88,coprolagnia
89,coprophilia
90,cornhole
91,coon
92,coons
93,creampie
94,cum
95,cumming
96,cunnilingus
97,cunt
98,darkie
99,date rape
100,daterape
101,deep throat
102,deepthroat
103,dendrophilia
104,dick
105,dildo
106,dingleberry
107,dingleberries
108,dirty pillows
109,dirty sanchez
110,doggie style
111,doggiestyle
112,doggy style
113,doggystyle
114,dog style
115,dolcett
116,domination
117,dominatrix
118,dommes
119,donkey punch
120,double dong
121,double penetration
122,dp action
123,dry hump
124,dvda
125,eat my ass
126,ecchi
127,ejaculation
128,erotic
129,erotism
130,escort
131,eunuch
132,faggot
133,fecal
134,felch
135,fellatio
136,feltch
137,female squirting
138,femdom
139,figging
140,fingerbang
141,fingering
142,fisting
143,foot fetish
144,footjob
145,frotting
146,fuck
147,fuck buttons
148,fuckin
149,fucking
150,fucktards
151,fudge packer
152,fudgepacker
153,futanari
154,gang bang
155,gay sex
156,genitals
157,giant cock
158,girl on
159,girl on top
160,girls gone wild
161,goatcx
162,goatse
163,god damn
164,gokkun
165,golden shower
166,goodpoop
167,goo girl
168,goregasm
169,grope
170,group sex
171,g-spot
172,guro
173,hand job
174,handjob
175,hard core
176,hardcore
177,hentai
178,homoerotic
179,honkey
180,hooker
181,hot carl
182,hot chick
183,how to kill
184,how to murder
185,huge fat
186,humping
187,incest
188,intercourse
189,jack off
190,jail bait
191,jailbait
192,jelly donut
193,jerk off
194,jigaboo
195,jiggaboo
196,jiggerboo
197,jizz
198,juggs
199,kike
200,kinbaku
201,kinkster
202,kinky
203,knobbing
204,leather restraint
205,leather straight jacket
206,lemon party
207,lolita
208,lovemaking
209,make me come
210,male squirting
211,masturbate
212,menage a trois
213,milf
214,missionary position
215,motherfucker
216,mound of venus
217,mr hands
218,muff diver
219,muffdiving
220,nambla
221,nawashi
222,negro
223,neonazi
224,nigga
225,nigger
226,nig nog
227,nimphomania
228,nipple
229,nipples
230,nsfw images
231,nude
232,nudity
233,nympho
234,nymphomania
235,octopussy
236,omorashi
237,one cup two girls
238,one guy one jar
239,orgasm
240,orgy
241,paedophile
242,paki
243,panties
244,panty
245,pedobear
246,pedophile
247,pegging
248,penis
249,phone sex
250,piece of shit
251,pissing
252,piss pig
253,pisspig
254,playboy
255,pleasure chest
256,pole smoker
257,ponyplay
258,poof
259,poon
260,poontang
261,punany
262,poop chute
263,poopchute
264,porn
265,porno
266,pornography
267,prince albert piercing
268,pthc
269,pubes
270,pussy
271,queaf
272,queef
273,quim
274,raghead
275,raging boner
276,rape
277,raping
278,rapist
279,rectum
280,reverse cowgirl
281,rimjob
282,rimming
283,rosy palm
284,rosy palm and her 5 sisters
285,rusty trombone
286,sadism
287,santorum
288,scat
289,schlong
290,scissoring
291,semen
292,sex
293,sexo
294,sexy
295,shaved beaver
296,shaved pussy
297,shemale
298,shibari
299,shit
300,shitblimp
301,shitty
302,shota
303,shrimping
304,skeet
305,slanteye
306,slut
307,s&m
308,smut
309,snatch
310,snowballing
311,sodomize
312,sodomy
313,spic
314,splooge
315,splooge moose
316,spooge
317,spread legs
318,spunk
319,strap on
320,strapon
321,strappado
322,strip club
323,style doggy
324,suck
325,sucks
326,suicide girls
327,sultry women
328,swastika
329,swinger
330,tainted love
331,taste my
332,tea bagging
333,threesome
334,throating
335,tied up
336,tight white
337,tit
338,tits
339,titties
340,titty
341,tongue in a
342,topless
343,tosser
344,towelhead
345,tranny
346,tribadism
347,tub girl
348,tubgirl
349,tushy
350,twat
351,twink
352,twinkie
353,two girls one cup
354,undressing
355,upskirt
356,urethra play
357,urophilia
358,vagina
359,venus mound
360,vibrator
361,violet wand
362,vorarephilia
363,voyeur
364,vulva
365,wank
366,wetback
367,wet dream
368,white power
369,wrapping men
370,wrinkled starfish
371,xx
372,xxx
373,yaoi
374,yellow showers
375,yiffy
376,zoophilia
